{"cameraMode":{"drawMode":0,"name":"Shaded","section":"Shading Mode"},"sceneLighting":true,"audioPlay":false,"sceneViewState":{"m_AlwaysRefresh":false,"showFog":true,"showSkybox":true,"showFlares":true,"showImageEffects":true,"showParticleSystems":true,"showVisualEffectGraphs":true,"m_FxEnabled":true},"in2DMode":false,"pivot":{"x":2.9491868019104006,"y":2.9845821857452394,"z":-0.04254573583602905},"rotation":{"x":0.08057719469070435,"y":-0.6626397371292114,"z":0.07205086946487427,"w":0.7410991787910461},"size":1.052844524383545,"orthographic":false}